{
	"info": {
		"_postman_id": "f1706a5b-4517-4a60-8804-954002822f7d",
		"name": "Auth",
		"schema": "https://schema.getpostman.com/json/collection/v2.1.0/collection.json",
		"_exporter_id": "16129832",
		"_collection_link": "https://blue-capsule-2005.postman.co/workspace/VegaITPraksa-ExpenseTracker-Api~ab15d833-15f4-4bc0-93b8-9123c2d6d3b7/collection/16129832-f1706a5b-4517-4a60-8804-954002822f7d?action=share&source=collection_link&creator=16129832"
	},
	"item": [
		{
			"name": "CreateUser",
			"request": {
				"method": "POST",
				"header": [],
				"body": {
					"mode": "raw",
					"raw": "{\r\n    \"username\" : \"{{$randomUserName}}\",\r\n    \"fullName\": \"{{$randomFirstName}} {{$randomLastName}}\",\r\n    \"email\": \"{{$randomEmail}}\",\r\n    \"password\": \"password\",\r\n    \"role\":[\r\n    ]\r\n}\r\n\r\n// {\r\n//     \"username\" : \"john.donne10\",\r\n//     \"fullName\": \"Mr. John Donne\",\r\n//     \"email\": \"john.donne10@gmail.com\",\r\n//     \"password\": \"password\",\r\n//     \"role\":[\r\n//         // \"premium_user\"\r\n//     ]\r\n// }",
					"options": {
						"raw": {
							"language": "json"
						}
					}
				},
				"url": {
					"raw": "{{protocol}}://{{ipv4}}:{{devPort}}/{{apiPrefix}}/auth/signup",
					"protocol": "{{protocol}}",
					"host": [
						"{{ipv4}}"
					],
					"port": "{{devPort}}",
					"path": [
						"{{apiPrefix}}",
						"auth",
						"signup"
					]
				}
			},
			"response": []
		},
		{
			"name": "LoginUser",
			"event": [
				{
					"listen": "test",
					"script": {
						"exec": [
							"pm.environment.set(\"token\", pm.response.json().token);"
						],
						"type": "text/javascript",
						"packages": {}
					}
				}
			],
			"request": {
				"method": "POST",
				"header": [],
				"body": {
					"mode": "raw",
					"raw": "{\r\n    \"username\":\"john.donne7\",\r\n    \"password\":\"password\",\r\n    \"rememberMe\":true\r\n}",
					"options": {
						"raw": {
							"language": "json"
						}
					}
				},
				"url": {
					"raw": "{{protocol}}://{{ipv4}}:{{devPort}}/{{apiPrefix}}/auth/login",
					"protocol": "{{protocol}}",
					"host": [
						"{{ipv4}}"
					],
					"port": "{{devPort}}",
					"path": [
						"{{apiPrefix}}",
						"auth",
						"login"
					]
				}
			},
			"response": []
		}
	]
}