{
	"info": {
		"_postman_id": "b40c2fe5-3a79-4e21-ba19-3df62df7d986",
		"name": "Data",
		"schema": "https://schema.getpostman.com/json/collection/v2.1.0/collection.json",
		"_exporter_id": "16129832",
		"_collection_link": "https://blue-capsule-2005.postman.co/workspace/VegaITPraksa-ExpenseTracker-Api~ab15d833-15f4-4bc0-93b8-9123c2d6d3b7/collection/16129832-b40c2fe5-3a79-4e21-ba19-3df62df7d986?action=share&source=collection_link&creator=16129832"
	},
	"item": [
		{
			"name": "New Request",
			"request": {
				"method": "GET",
				"header": [],
				"url": {
					"raw": "{{protocol}}://{{ipv4}}:{{devPort}}/{{apiPrefix}}/data/export/transactions/8",
					"protocol": "{{protocol}}",
					"host": [
						"{{ipv4}}"
					],
					"port": "{{devPort}}",
					"path": [
						"{{apiPrefix}}",
						"data",
						"export",
						"transactions",
						"8"
					]
				}
			},
			"response": []
		}
	],
	"auth": {
		"type": "bearer",
		"bearer": [
			{
				"key": "token",
				"value": "{{token}}",
				"type": "string"
			}
		]
	},
	"event": [
		{
			"listen": "prerequest",
			"script": {
				"type": "text/javascript",
				"packages": {},
				"exec": [
					""
				]
			}
		},
		{
			"listen": "test",
			"script": {
				"type": "text/javascript",
				"packages": {},
				"exec": [
					""
				]
			}
		}
	]
}