{
	"info": {
		"_postman_id": "68cbaebd-364c-4d33-8533-54bdde57aed9",
		"name": "Expense",
		"schema": "https://schema.getpostman.com/json/collection/v2.1.0/collection.json",
		"_exporter_id": "16129832",
		"_collection_link": "https://blue-capsule-2005.postman.co/workspace/VegaITPraksa-ExpenseTracker-Api~ab15d833-15f4-4bc0-93b8-9123c2d6d3b7/collection/16129832-68cbaebd-364c-4d33-8533-54bdde57aed9?action=share&source=collection_link&creator=16129832"
	},
	"item": [
		{
			"name": "Expense - Find All",
			"request": {
				"method": "GET",
				"header": [
					{
						"key": "Authorization",
						"value": "",
						"type": "text",
						"disabled": true
					}
				],
				"url": {
					"raw": "{{protocol}}://{{ipv4}}:{{devPort}}/{{apiPrefix}}/expense?amountGT=501.0&amountLT=501.0",
					"protocol": "{{protocol}}",
					"host": [
						"{{ipv4}}"
					],
					"port": "{{devPort}}",
					"path": [
						"{{apiPrefix}}",
						"expense"
					],
					"query": [
						{
							"key": "groupId",
							"value": "164",
							"disabled": true
						},
						{
							"key": "amountGT",
							"value": "501.0"
						},
						{
							"key": "amountLT",
							"value": "501.0"
						},
						{
							"key": "createdAfter",
							"value": "2024-07-01T10:50:55.074Z",
							"disabled": true
						},
						{
							"key": "createdBefore",
							"value": "2024-11-30T19:50:55.291Z",
							"disabled": true
						},
						{
							"key": "name",
							"value": "rent",
							"disabled": true
						},
						{
							"key": "description",
							"value": "month",
							"disabled": true
						},
						{
							"key": "",
							"value": null,
							"disabled": true
						}
					]
				}
			},
			"response": []
		},
		{
			"name": "Expense Get one by id",
			"request": {
				"method": "GET",
				"header": [
					{
						"key": "Authorization",
						"value": "Bearer eyJhbGciOiJIUzI1NiJ9.eyJzdWIiOiJNYXZlcmlja19MaXR0ZWwyOSIsImlhdCI6MTcxMDc1ODY0MywiZXhwIjoxNzEwODQ1MDQzfQ.Q50mQomFYPKTGVMiExudLypaUjpUEvV_DLNA_h_xf9U",
						"type": "text",
						"disabled": true
					}
				],
				"url": {
					"raw": "{{protocol}}://{{ipv4}}:{{devPort}}/{{apiPrefix}}/expense/37",
					"protocol": "{{protocol}}",
					"host": [
						"{{ipv4}}"
					],
					"port": "{{devPort}}",
					"path": [
						"{{apiPrefix}}",
						"expense",
						"37"
					],
					"query": [
						{
							"key": "",
							"value": null,
							"disabled": true
						}
					]
				}
			},
			"response": []
		},
		{
			"name": "Expense - Delete one by id",
			"request": {
				"method": "DELETE",
				"header": [
					{
						"key": "Authorization",
						"value": "Bearer eyJhbGciOiJIUzI1NiJ9.eyJzdWIiOiJNYXZlcmlja19MaXR0ZWwyOSIsImlhdCI6MTcxMDc1ODY0MywiZXhwIjoxNzEwODQ1MDQzfQ.Q50mQomFYPKTGVMiExudLypaUjpUEvV_DLNA_h_xf9U",
						"type": "text",
						"disabled": true
					}
				],
				"url": {
					"raw": "{{protocol}}://{{ipv4}}:{{devPort}}/{{apiPrefix}}/expense/7",
					"protocol": "{{protocol}}",
					"host": [
						"{{ipv4}}"
					],
					"port": "{{devPort}}",
					"path": [
						"{{apiPrefix}}",
						"expense",
						"7"
					],
					"query": [
						{
							"key": "",
							"value": null,
							"disabled": true
						}
					]
				}
			},
			"response": []
		},
		{
			"name": "Expense - Create",
			"request": {
				"method": "POST",
				"header": [
					{
						"key": "Authorization",
						"value": "Bearer eyJhbGciOiJIUzI1NiJ9.eyJzdWIiOiJNYXZlcmlja19MaXR0ZWwyOSIsImlhdCI6MTcxMDc1ODY0MywiZXhwIjoxNzEwODQ1MDQzfQ.Q50mQomFYPKTGVMiExudLypaUjpUEvV_DLNA_h_xf9U",
						"type": "text",
						"disabled": true
					}
				],
				"body": {
					"mode": "raw",
					"raw": "{\r\n    \"description\": \"Eating out wtih friends\",\r\n    \"amount\":\"{{$randomInt}}.00\",\r\n    \"name\":\"Eating out\",\r\n    \"group\":{\r\n        \"id\":166,\r\n        \"name\":\"Expense Group- {{$randomProduct}}\"\r\n        // \"description\":\"{{$randomPhrase}}\"\r\n    }\r\n}",
					"options": {
						"raw": {
							"language": "json"
						}
					}
				},
				"url": {
					"raw": "{{protocol}}://{{ipv4}}:{{devPort}}/{{apiPrefix}}/expense",
					"protocol": "{{protocol}}",
					"host": [
						"{{ipv4}}"
					],
					"port": "{{devPort}}",
					"path": [
						"{{apiPrefix}}",
						"expense"
					]
				}
			},
			"response": []
		},
		{
			"name": "Expense - Update",
			"request": {
				"method": "PUT",
				"header": [
					{
						"key": "Authorization",
						"value": "Bearer eyJhbGciOiJIUzI1NiJ9.eyJzdWIiOiJNYXZlcmlja19MaXR0ZWwyOSIsImlhdCI6MTcxMDc1ODY0MywiZXhwIjoxNzEwODQ1MDQzfQ.Q50mQomFYPKTGVMiExudLypaUjpUEvV_DLNA_h_xf9U",
						"type": "text",
						"disabled": true
					}
				],
				"body": {
					"mode": "raw",
					"raw": "{\r\n    // \"id\": 89,\r\n    // \"name\": \"Expense - RSS\",\r\n    // \"description\": \"In voluptas officiis et qui facilis ut aspernatur commodi. Consectetur fugiat alias recusandae consequuntur. Blanditiis sed officiis illo tenetur sint. Expedita est quia et ducimus fugiat eligendi ut. Architecto delectus aut maiores ipsa aliquam ex.\",\r\n    // \"amount\": 806.0,\r\n    \"group\": {\r\n        \"id\": 77,\r\n        \"name\": \"Expense Group - Pizza\",\r\n        \"description\": \"generating the monitor won't do anything, we need to back up the 1080p SAS pixel!\"\r\n    }\r\n}",
					"options": {
						"raw": {
							"language": "json"
						}
					}
				},
				"url": {
					"raw": "{{protocol}}://{{ipv4}}:{{devPort}}/{{apiPrefix}}/expense/89",
					"protocol": "{{protocol}}",
					"host": [
						"{{ipv4}}"
					],
					"port": "{{devPort}}",
					"path": [
						"{{apiPrefix}}",
						"expense",
						"89"
					]
				}
			},
			"response": []
		},
		{
			"name": "Expense - Sum",
			"request": {
				"method": "GET",
				"header": [],
				"url": {
					"raw": "{{protocol}}://{{ipv4}}:{{devPort}}/{{apiPrefix}}/expense/sum",
					"protocol": "{{protocol}}",
					"host": [
						"{{ipv4}}"
					],
					"port": "{{devPort}}",
					"path": [
						"{{apiPrefix}}",
						"expense",
						"sum"
					]
				}
			},
			"response": []
		}
	],
	"auth": {
		"type": "bearer",
		"bearer": [
			{
				"key": "token",
				"value": "{{token}}",
				"type": "string"
			}
		]
	},
	"event": [
		{
			"listen": "prerequest",
			"script": {
				"type": "text/javascript",
				"exec": [
					""
				]
			}
		},
		{
			"listen": "test",
			"script": {
				"type": "text/javascript",
				"exec": [
					""
				]
			}
		}
	]
}