{
	"info": {
		"_postman_id": "d0c8cede-c8e3-4822-8227-c230b7e82af1",
		"name": "Expense Group",
		"schema": "https://schema.getpostman.com/json/collection/v2.1.0/collection.json",
		"_exporter_id": "16129832",
		"_collection_link": "https://blue-capsule-2005.postman.co/workspace/VegaITPraksa-ExpenseTracker-Api~ab15d833-15f4-4bc0-93b8-9123c2d6d3b7/collection/16129832-d0c8cede-c8e3-4822-8227-c230b7e82af1?action=share&source=collection_link&creator=16129832"
	},
	"item": [
		{
			"name": "mock",
			"request": {
				"method": "GET",
				"header": [],
				"url": {
					"raw": "{{protocol}}://{{localhost}}:{{port}}/{{apiPrefix}}/expensegroup/mock",
					"protocol": "{{protocol}}",
					"host": [
						"{{localhost}}"
					],
					"port": "{{port}}",
					"path": [
						"{{apiPrefix}}",
						"expensegroup",
						"mock"
					]
				}
			},
			"response": []
		},
		{
			"name": "ExpenseGroup - Find All",
			"request": {
				"auth": {
					"type": "bearer",
					"bearer": [
						{
							"key": "token",
							"value": "{{token}}",
							"type": "string"
						}
					]
				},
				"method": "GET",
				"header": [
					{
						"key": "Authorization",
						"value": "Bearer eyJhbGciOiJIUzI1NiJ9.eyJzdWIiOiJNYXZlcmlja19MaXR0ZWwyOSIsImlhdCI6MTcxMDc1ODY0MywiZXhwIjoxNzEwODQ1MDQzfQ.Q50mQomFYPKTGVMiExudLypaUjpUEvV_DLNA_h_xf9U",
						"type": "text",
						"disabled": true
					}
				],
				"url": {
					"raw": "{{protocol}}://{{ipv4}}:{{devPort}}/{{apiPrefix}}/expensegroup",
					"protocol": "{{protocol}}",
					"host": [
						"{{ipv4}}"
					],
					"port": "{{devPort}}",
					"path": [
						"{{apiPrefix}}",
						"expensegroup"
					],
					"query": [
						{
							"key": "Autorization",
							"value": "eyJhbGciOiJIUzI1NiJ9.eyJzdWIiOiJQYWJsby5TaXBlczI4IiwiaWF0IjoxNzEwMzM4MzU3LCJleHAiOjE3MTA0MjQ3NTd9.C58uCouRgx9VyXKOu9KobbxyxdkuEIR0YjPWJR7LqWU",
							"disabled": true
						}
					]
				}
			},
			"response": []
		},
		{
			"name": "Expense Get one by id",
			"request": {
				"method": "GET",
				"header": [
					{
						"key": "Authorization",
						"value": "Bearer eyJhbGciOiJIUzI1NiJ9.eyJzdWIiOiJNYXZlcmlja19MaXR0ZWwyOSIsImlhdCI6MTcxMDc1ODY0MywiZXhwIjoxNzEwODQ1MDQzfQ.Q50mQomFYPKTGVMiExudLypaUjpUEvV_DLNA_h_xf9U",
						"type": "text",
						"disabled": true
					}
				],
				"url": {
					"raw": "{{protocol}}://{{ipv4}}:{{devPort}}/{{apiPrefix}}/expensegroup/19",
					"protocol": "{{protocol}}",
					"host": [
						"{{ipv4}}"
					],
					"port": "{{devPort}}",
					"path": [
						"{{apiPrefix}}",
						"expensegroup",
						"19"
					],
					"query": [
						{
							"key": "",
							"value": null,
							"disabled": true
						}
					]
				}
			},
			"response": []
		},
		{
			"name": "ExpenseGroup - Delete one by id",
			"request": {
				"method": "DELETE",
				"header": [
					{
						"key": "Authorization",
						"value": "Bearer eyJhbGciOiJIUzI1NiJ9.eyJzdWIiOiJNYXZlcmlja19MaXR0ZWwyOSIsImlhdCI6MTcxMDc1ODY0MywiZXhwIjoxNzEwODQ1MDQzfQ.Q50mQomFYPKTGVMiExudLypaUjpUEvV_DLNA_h_xf9U",
						"type": "text"
					}
				],
				"url": {
					"raw": "{{protocol}}://{{ipv4}}:{{devPort}}/{{apiPrefix}}/expensegroup/34",
					"protocol": "{{protocol}}",
					"host": [
						"{{ipv4}}"
					],
					"port": "{{devPort}}",
					"path": [
						"{{apiPrefix}}",
						"expensegroup",
						"34"
					],
					"query": [
						{
							"key": "",
							"value": null,
							"disabled": true
						}
					]
				}
			},
			"response": []
		},
		{
			"name": "ExpenseGroup - Create",
			"request": {
				"method": "POST",
				"header": [
					{
						"key": "Authorization",
						"value": "Bearer eyJhbGciOiJIUzI1NiJ9.eyJzdWIiOiJNYXZlcmlja19MaXR0ZWwyOSIsImlhdCI6MTcxMDc1ODY0MywiZXhwIjoxNzEwODQ1MDQzfQ.Q50mQomFYPKTGVMiExudLypaUjpUEvV_DLNA_h_xf9U",
						"type": "text"
					}
				],
				"body": {
					"mode": "raw",
					"raw": "{\r\n    \"name\":\"expense gorup 55\",\r\n    \"description\": \"Expenses for purchsing cloths\"\r\n}",
					"options": {
						"raw": {
							"language": "json"
						}
					}
				},
				"url": {
					"raw": "{{protocol}}://{{ipv4}}:{{devPort}}/{{apiPrefix}}/expensegroup",
					"protocol": "{{protocol}}",
					"host": [
						"{{ipv4}}"
					],
					"port": "{{devPort}}",
					"path": [
						"{{apiPrefix}}",
						"expensegroup"
					]
				}
			},
			"response": []
		},
		{
			"name": "ExpenseGroup - Update",
			"request": {
				"method": "PUT",
				"header": [
					{
						"key": "Authorization",
						"value": "Bearer eyJhbGciOiJIUzI1NiJ9.eyJzdWIiOiJNYXZlcmlja19MaXR0ZWwyOSIsImlhdCI6MTcxMDc1ODY0MywiZXhwIjoxNzEwODQ1MDQzfQ.Q50mQomFYPKTGVMiExudLypaUjpUEvV_DLNA_h_xf9U",
						"type": "text",
						"disabled": true
					}
				],
				"body": {
					"mode": "raw",
					"raw": "{\r\n    \"id\": 48,\r\n    \"name\": \"expense gorup 55\",\r\n    \"description\": \"Expenses for purchsing cloths\"\r\n}",
					"options": {
						"raw": {
							"language": "json"
						}
					}
				},
				"url": {
					"raw": "{{protocol}}://{{ipv4}}:{{devPort}}/{{apiPrefix}}/expensegroup/48",
					"protocol": "{{protocol}}",
					"host": [
						"{{ipv4}}"
					],
					"port": "{{devPort}}",
					"path": [
						"{{apiPrefix}}",
						"expensegroup",
						"48"
					]
				}
			},
			"response": []
		}
	],
	"auth": {
		"type": "bearer",
		"bearer": [
			{
				"key": "token",
				"value": "{{token}}",
				"type": "string"
			}
		]
	},
	"event": [
		{
			"listen": "prerequest",
			"script": {
				"type": "text/javascript",
				"exec": [
					""
				]
			}
		},
		{
			"listen": "test",
			"script": {
				"type": "text/javascript",
				"exec": [
					""
				]
			}
		}
	]
}