{
	"info": {
		"_postman_id": "960518a2-4efa-416c-a4d1-9474937d8196",
		"name": "Income",
		"schema": "https://schema.getpostman.com/json/collection/v2.1.0/collection.json",
		"_exporter_id": "16129832",
		"_collection_link": "https://blue-capsule-2005.postman.co/workspace/VegaITPraksa-ExpenseTracker-Api~ab15d833-15f4-4bc0-93b8-9123c2d6d3b7/collection/16129832-960518a2-4efa-416c-a4d1-9474937d8196?action=share&source=collection_link&creator=16129832"
	},
	"item": [
		{
			"name": "Income - Find All",
			"request": {
				"method": "GET",
				"header": [
					{
						"key": "Authorization",
						"value": "",
						"type": "text",
						"disabled": true
					},
					{
						"key": "sort",
						"value": "DESC",
						"type": "text",
						"disabled": true
					}
				],
				"url": {
					"raw": "{{protocol}}://{{ipv4}}:{{devPort}}/{{apiPrefix}}/income",
					"protocol": "{{protocol}}",
					"host": [
						"{{ipv4}}"
					],
					"port": "{{devPort}}",
					"path": [
						"{{apiPrefix}}",
						"income"
					],
					"query": [
						{
							"key": "sortBy",
							"value": "id",
							"disabled": true
						},
						{
							"key": "amountLT",
							"value": "600",
							"disabled": true
						},
						{
							"key": "amountGT",
							"value": "500",
							"disabled": true
						}
					]
				}
			},
			"response": []
		},
		{
			"name": "Income Get one by id",
			"request": {
				"method": "GET",
				"header": [
					{
						"key": "Authorization",
						"value": "Bearer eyJhbGciOiJIUzI1NiJ9.eyJzdWIiOiJNYXZlcmlja19MaXR0ZWwyOSIsImlhdCI6MTcxMDc1ODY0MywiZXhwIjoxNzEwODQ1MDQzfQ.Q50mQomFYPKTGVMiExudLypaUjpUEvV_DLNA_h_xf9U",
						"type": "text",
						"disabled": true
					}
				],
				"url": {
					"raw": "{{protocol}}://{{ipv4}}:{{devPort}}/{{apiPrefix}}/income/4",
					"protocol": "{{protocol}}",
					"host": [
						"{{ipv4}}"
					],
					"port": "{{devPort}}",
					"path": [
						"{{apiPrefix}}",
						"income",
						"4"
					],
					"query": [
						{
							"key": "",
							"value": null,
							"disabled": true
						}
					]
				}
			},
			"response": []
		},
		{
			"name": "Income - Delete one by id",
			"request": {
				"method": "DELETE",
				"header": [
					{
						"key": "Authorization",
						"value": "Bearer eyJhbGciOiJIUzI1NiJ9.eyJzdWIiOiJNYXZlcmlja19MaXR0ZWwyOSIsImlhdCI6MTcxMDc1ODY0MywiZXhwIjoxNzEwODQ1MDQzfQ.Q50mQomFYPKTGVMiExudLypaUjpUEvV_DLNA_h_xf9U",
						"type": "text",
						"disabled": true
					}
				],
				"url": {
					"raw": "{{protocol}}://{{ipv4}}:{{devPort}}/{{apiPrefix}}/income/1",
					"protocol": "{{protocol}}",
					"host": [
						"{{ipv4}}"
					],
					"port": "{{devPort}}",
					"path": [
						"{{apiPrefix}}",
						"income",
						"1"
					],
					"query": [
						{
							"key": "",
							"value": null,
							"disabled": true
						}
					]
				}
			},
			"response": []
		},
		{
			"name": "Income - Create",
			"request": {
				"method": "POST",
				"header": [
					{
						"key": "Authorization",
						"value": "Bearer eyJhbGciOiJIUzI1NiJ9.eyJzdWIiOiJNYXZlcmlja19MaXR0ZWwyOSIsImlhdCI6MTcxMDc1ODY0MywiZXhwIjoxNzEwODQ1MDQzfQ.Q50mQomFYPKTGVMiExudLypaUjpUEvV_DLNA_h_xf9U",
						"type": "text",
						"disabled": true
					}
				],
				"body": {
					"mode": "raw",
					"raw": "{\r\n    \"description\": \"{{$randomLoremParagraph}}\",\r\n    \"amount\":\"{{$randomInt}}.00\",\r\n    \"name\":\"Income - {{$randomAbbreviation}}\",\r\n    \"group\":{\r\n        \"name\":\"Income Group - {{$randomProduct}}\",\r\n        \"description\":\"{{$randomPhrase}}\"\r\n    }\r\n}",
					"options": {
						"raw": {
							"language": "json"
						}
					}
				},
				"url": {
					"raw": "{{protocol}}://{{ipv4}}:{{devPort}}/{{apiPrefix}}/income",
					"protocol": "{{protocol}}",
					"host": [
						"{{ipv4}}"
					],
					"port": "{{devPort}}",
					"path": [
						"{{apiPrefix}}",
						"income"
					]
				}
			},
			"response": []
		},
		{
			"name": "Income - Update",
			"request": {
				"method": "PUT",
				"header": [
					{
						"key": "Authorization",
						"value": "Bearer eyJhbGciOiJIUzI1NiJ9.eyJzdWIiOiJNYXZlcmlja19MaXR0ZWwyOSIsImlhdCI6MTcxMDc1ODY0MywiZXhwIjoxNzEwODQ1MDQzfQ.Q50mQomFYPKTGVMiExudLypaUjpUEvV_DLNA_h_xf9U",
						"type": "text",
						"disabled": true
					}
				],
				"body": {
					"mode": "raw",
					"raw": "{\r\n    \"id\": 4,\r\n    \"name\": \"Rent income\",\r\n    \"description\": \"Voluptas porro velit sunt nemo.\",\r\n    \"amount\": 350.0,\r\n    \"group\": {\r\n        \"id\": 12,\r\n        \"name\": \"Rent\",\r\n        \"description\": \"Income from renting property\"\r\n    }\r\n}",
					"options": {
						"raw": {
							"language": "json"
						}
					}
				},
				"url": {
					"raw": "{{protocol}}://{{ipv4}}:{{devPort}}/{{apiPrefix}}/income/4",
					"protocol": "{{protocol}}",
					"host": [
						"{{ipv4}}"
					],
					"port": "{{devPort}}",
					"path": [
						"{{apiPrefix}}",
						"income",
						"4"
					]
				}
			},
			"response": []
		},
		{
			"name": "Income- Sum",
			"request": {
				"method": "GET",
				"header": [],
				"url": {
					"raw": "{{protocol}}://{{ipv4}}:{{devPort}}/{{apiPrefix}}/income/sum",
					"protocol": "{{protocol}}",
					"host": [
						"{{ipv4}}"
					],
					"port": "{{devPort}}",
					"path": [
						"{{apiPrefix}}",
						"income",
						"sum"
					]
				}
			},
			"response": []
		}
	],
	"auth": {
		"type": "bearer",
		"bearer": [
			{
				"key": "token",
				"value": "{{token}}",
				"type": "string"
			}
		]
	},
	"event": [
		{
			"listen": "prerequest",
			"script": {
				"type": "text/javascript",
				"exec": [
					""
				]
			}
		},
		{
			"listen": "test",
			"script": {
				"type": "text/javascript",
				"exec": [
					""
				]
			}
		}
	]
}