{
	"info": {
		"_postman_id": "93c830a2-06c2-420f-92b4-5bf2bf1ea6f4",
		"name": "Income Group",
		"schema": "https://schema.getpostman.com/json/collection/v2.1.0/collection.json",
		"_exporter_id": "16129832",
		"_collection_link": "https://blue-capsule-2005.postman.co/workspace/VegaITPraksa-ExpenseTracker-Api~ab15d833-15f4-4bc0-93b8-9123c2d6d3b7/collection/16129832-93c830a2-06c2-420f-92b4-5bf2bf1ea6f4?action=share&source=collection_link&creator=16129832"
	},
	"item": [
		{
			"name": "IncomeGroup - Get All",
			"request": {
				"method": "GET",
				"header": [
					{
						"key": "Authorization",
						"value": "Bearer eyJhbGciOiJIUzI1NiJ9.eyJzdWIiOiJNYXZlcmlja19MaXR0ZWwyOSIsImlhdCI6MTcxMDQwOTAxOCwiZXhwIjoxNzEwNDk1NDE4fQ.aM5RlN3qlTpPRXkajmRgv8g1EmOHoKqXvHKDnQI9Mw8",
						"type": "text",
						"disabled": true
					}
				],
				"url": {
					"raw": "{{protocol}}://{{ipv4}}:{{devPort}}/{{apiPrefix}}/incomegroup",
					"protocol": "{{protocol}}",
					"host": [
						"{{ipv4}}"
					],
					"port": "{{devPort}}",
					"path": [
						"{{apiPrefix}}",
						"incomegroup"
					]
				}
			},
			"response": []
		},
		{
			"name": "IncomeGroup - Create",
			"request": {
				"method": "POST",
				"header": [
					{
						"key": "Authorization",
						"value": "Bearer eyJhbGciOiJIUzI1NiJ9.eyJzdWIiOiJNYXZlcmlja19MaXR0ZWwyOSIsImlhdCI6MTcxMDQyNzI3NCwiZXhwIjoxNzEwNTEzNjc0fQ.xz-mkvVKEgllG7Y9yX_3Vlh9_O-6gQY1R-6I7heqnpg",
						"type": "text",
						"disabled": true
					}
				],
				"body": {
					"mode": "raw",
					"raw": "{\r\n    // \"name\": \"Income group - {{random}}\",\r\n    \"description\": \"Description od income group\"\r\n}\r\n",
					"options": {
						"raw": {
							"language": "json"
						}
					}
				},
				"url": {
					"raw": "{{protocol}}://{{ipv4}}:{{devPort}}/{{apiPrefix}}/incomegroup",
					"protocol": "{{protocol}}",
					"host": [
						"{{ipv4}}"
					],
					"port": "{{devPort}}",
					"path": [
						"{{apiPrefix}}",
						"incomegroup"
					]
				}
			},
			"response": []
		}
	],
	"auth": {
		"type": "bearer",
		"bearer": [
			{
				"key": "token",
				"value": "{{token}}",
				"type": "string"
			}
		]
	},
	"event": [
		{
			"listen": "prerequest",
			"script": {
				"type": "text/javascript",
				"exec": [
					""
				]
			}
		},
		{
			"listen": "test",
			"script": {
				"type": "text/javascript",
				"exec": [
					""
				]
			}
		}
	]
}