{
	"info": {
		"_postman_id": "e400b2e8-0075-42b2-8119-273735aa7591",
		"name": "Logs",
		"schema": "https://schema.getpostman.com/json/collection/v2.1.0/collection.json",
		"_exporter_id": "16129832",
		"_collection_link": "https://blue-capsule-2005.postman.co/workspace/VegaITPraksa-ExpenseTracker-Api~ab15d833-15f4-4bc0-93b8-9123c2d6d3b7/collection/16129832-e400b2e8-0075-42b2-8119-273735aa7591?action=share&source=collection_link&creator=16129832"
	},
	"item": [
		{
			"name": "log",
			"request": {
				"method": "GET",
				"header": [],
				"url": {
					"raw": "{{protocol}}://{{localhost}}:{{port}}/{{apiPrefix}}/log/",
					"protocol": "{{protocol}}",
					"host": [
						"{{localhost}}"
					],
					"port": "{{port}}",
					"path": [
						"{{apiPrefix}}",
						"log",
						""
					]
				}
			},
			"response": []
		}
	]
}