{
	"info": {
		"_postman_id": "5043932f-aff2-495d-9d59-87dcff32afa9",
		"name": "User",
		"schema": "https://schema.getpostman.com/json/collection/v2.1.0/collection.json",
		"_exporter_id": "16129832",
		"_collection_link": "https://blue-capsule-2005.postman.co/workspace/VegaITPraksa-ExpenseTracker-Api~ab15d833-15f4-4bc0-93b8-9123c2d6d3b7/collection/16129832-5043932f-aff2-495d-9d59-87dcff32afa9?action=share&source=collection_link&creator=16129832"
	},
	"item": [
		{
			"name": "User - sum",
			"request": {
				"method": "GET",
				"header": [],
				"url": {
					"raw": "{{protocol}}://{{ipv4}}:{{devPort}}/{{apiPrefix}}/user/stats/transactino/sum?name=",
					"protocol": "{{protocol}}",
					"host": [
						"{{ipv4}}"
					],
					"port": "{{devPort}}",
					"path": [
						"{{apiPrefix}}",
						"user",
						"stats",
						"transactino",
						"sum"
					],
					"query": [
						{
							"key": "name",
							"value": ""
						}
					]
				}
			},
			"response": []
		},
		{
			"name": "User - subscribe",
			"request": {
				"method": "GET",
				"header": [],
				"url": {
					"raw": "{{protocol}}://{{ipv4}}:{{devPort}}/{{apiPrefix}}/user/stats/transactino/sum?name=",
					"protocol": "{{protocol}}",
					"host": [
						"{{ipv4}}"
					],
					"port": "{{devPort}}",
					"path": [
						"{{apiPrefix}}",
						"user",
						"stats",
						"transactino",
						"sum"
					],
					"query": [
						{
							"key": "name",
							"value": ""
						}
					]
				}
			},
			"response": []
		},
		{
			"name": "User - Un Subscribe",
			"request": {
				"method": "GET",
				"header": [],
				"url": {
					"raw": "{{protocol}}://{{ipv4}}:{{devPort}}/{{apiPrefix}}/user/subscription/unsubscribe",
					"protocol": "{{protocol}}",
					"host": [
						"{{ipv4}}"
					],
					"port": "{{devPort}}",
					"path": [
						"{{apiPrefix}}",
						"user",
						"subscription",
						"unsubscribe"
					]
				}
			},
			"response": []
		}
	],
	"auth": {
		"type": "bearer",
		"bearer": [
			{
				"key": "token",
				"value": "{{token}}",
				"type": "string"
			}
		]
	},
	"event": [
		{
			"listen": "prerequest",
			"script": {
				"type": "text/javascript",
				"exec": [
					""
				]
			}
		},
		{
			"listen": "test",
			"script": {
				"type": "text/javascript",
				"exec": [
					""
				]
			}
		}
	]
}