{
	"info": {
		"_postman_id": "ca88a1ab-7fd2-4d8a-b5db-3b589a394553",
		"name": "Utils",
		"schema": "https://schema.getpostman.com/json/collection/v2.1.0/collection.json",
		"_exporter_id": "16129832",
		"_collection_link": "https://blue-capsule-2005.postman.co/workspace/VegaITPraksa-ExpenseTracker-Api~ab15d833-15f4-4bc0-93b8-9123c2d6d3b7/collection/16129832-ca88a1ab-7fd2-4d8a-b5db-3b589a394553?action=share&source=collection_link&creator=16129832"
	},
	"item": [
		{
			"name": "InflateUserData",
			"request": {
				"method": "GET",
				"header": []
			},
			"response": []
		}
	],
	"auth": {
		"type": "bearer",
		"bearer": [
			{
				"key": "token",
				"value": "{{token}}",
				"type": "string"
			}
		]
	},
	"event": [
		{
			"listen": "prerequest",
			"script": {
				"type": "text/javascript",
				"packages": {},
				"exec": [
					""
				]
			}
		},
		{
			"listen": "test",
			"script": {
				"type": "text/javascript",
				"packages": {},
				"exec": [
					""
				]
			}
		}
	]
}