{
	"id": "cfbaa2b2-c324-4cd4-bcfb-5cb9fc63b5ba",
	"name": "VegaITPraksa-ExpenseTracker-Env",
	"values": [
		{
			"key": "protocol",
			"value": "http",
			"type": "default",
			"enabled": true
		},
		{
			"key": "localhost",
			"value": "localhost",
			"type": "default",
			"enabled": true
		},
		{
			"key": "ipv4",
			"value": "192.168.64.26",
			"type": "default",
			"enabled": true
		},
		{
			"key": "port",
			"value": "8080",
			"type": "default",
			"enabled": true
		},
		{
			"key": "devPort",
			"value": "8081",
			"type": "default",
			"enabled": true
		},
		{
			"key": "apiPrefix",
			"value": "api",
			"type": "default",
			"enabled": true
		},
		{
			"key": "token",
			"value": "",
			"type": "default",
			"enabled": true
		}
	],
	"_postman_variable_scope": "environment",
	"_postman_exported_at": "2024-03-29T10:11:40.721Z",
	"_postman_exported_using": "Postman/10.24.1"
}